tod,username,seed,Trial #,Trial A Time,Trial A Errors,Trial A Average Time Between Targets,Trial A Standard Devation Between Targets,Trial B Time,Trial B Errors,Trial B Average Time Between Targets,Trial B Standard Devation Between Targets
1467910327192,Username,1467910327177,1,8.489,0.0,0.35370836,0.0,20.865,5.0,0.8693897,0.0
1467912576081,Username,1467912576039,2,1.46791255E12,0.0,0.39166665,99.0,1.46791255E12,4.0,0.6685163,99.0
1467912728222,Username,1467912728184,3,8.551,0.0,0.35629165,99.0,11.355,1.0,0.47313985,99.0
